{
	"phantom": 
		{
			"type" : "CTP600",
			"fullname" : "Catphan 600",
			"diameter" : 200
		},
	"section": [
		{
			"type" : "NPS",
			"section_diameter" : 150.0,
			"inserts" : "None"
		},

		{
			"type" : "TTF",
			"section_diameter" : 150,
			"inserts": [
				{
					"material" : "Air",
					"X": 0.0,
					"Y": 58.3,
					"diameter" : 12.2
				},

				{
					"material" : "PMP",
					"X": 30.0,
					"Y": 50.0,
					"diameter" : 12.2
				},

				{
					"material" : "LDPE",
					"X": 58.3,
					"Y": 0.0,
					"diameter" : 12.2
				},

				{
					"material" : "Polystyrene",
					"X": 30.0,
					"Y": -50.0,
					"diameter" : 12.2
				},

				{
					"material" : "Delrin",
					"X": -58.3,
					"Y": 0.0,
					"diameter" : 12.2
				},

				{
					"material" : "Teflon",
					"X": -30.0,
					"Y": 50.0,
					"diameter" : 12.2
				},

				{
					"material" : "Acrylic",
					"X": -30,
					"Y": -50,
					"diameter" : 12.2
				},

				{
					"material" : "User",
					"X": 0.0,
					"Y": -58.3,
					"diameter" : 12.2
				}
			]
		}
	]
	
}


