{
	"phantom" : {
		"type" : "ACR 464",
		"fullname" : "ACR464",
		"diameter" : 200
		},
	 "section" : [
	{
		"type" : "NPS",
		"section_diameter" : 200,
		"inserts" : "None"
		},
	{
		"type" : "TTF",
		"section_diameter" : 200,
		 "inserts" : [
		{
			"material" : "Air",
			"X" : 45.0,
			"Y" : 45.0,
			"diameter" : 25.0
			},
		{
			"material" : "Bone",
			"X" : 45.0,
			"Y" : -45.0,
			"diameter" : 25.0
			},
		{
			"material" : "Acrylic",
			"X" : -45.0,
			"Y" : 45.0,
			"diameter" : 25.0
			},
		{
			"material" : "Polyethylene",
			"X" : -45.0,
			"Y" : -45.0,
			"diameter" : 25.0
			}
		]
		
		}
	]
	
	}
